securityNumber,price,unit,date  # name
731018,,agorot,  # מלם-תים אחזקות
1171818,,agorot,  # אב-גד החזקות
175018,,agorot,  # איביאי בית השקעות
770016,,agorot,  # אקסל סולושנס גרופ
366013,,agorot,  # ארי נדל"ן
454017,,agorot,  # קבוצת גאון
1080597,,agorot,  # גילת טלקום גלובל
1184985,,agorot,  # הייפר גלובל
354019,,agorot,  # טלסיס
127019,,agorot,  # מבטח שמיר אחזקות
1081843,,agorot,  # מיטב בית השקעות
1170893,,agorot,  # מניף שירותים פיננסיים
338012,,agorot,  # ח.מר תעשיות
1141969,,agorot,  # נאוויטס פטרוליום
1095785,,agorot,  # נקסטקום
1175439,,agorot,  # סופווייב מדיקל
1087022,,agorot,  # פוקס-ויזל
1083955,,agorot,  # קווליטאו
1082007,,agorot,  # א.נ שוהם ביזנס
